{
    "problemMatcher": [
        {
            "owner": "eslint-stylish",
            "pattern": [
                {
                    "regexp": "^\\s*([^\\s].*)$",
                    "file": 1
                },
                {
                    "regexp": "^\\s+(\\d+):(\\d+)\\s+(error|warning|info)\\s+(.*)\\s\\s+(.*)$",
                    "line": 1,
                    "column": 2,
                    "severity": 3,
                    "message": 4,
                    "code": 5,
                    "loop": true
                }
            ]
        }
    ]
}
